OBJECTID,Basin_Number,Basin_Subbasin_Number,Basin_Name,Basin_Subbasin_Name,Region_Office,GlobalID
1,9-029,9-029,POTRERO VALLEY,POTRERO VALLEY,SRO,{CBE7A0FF-D6FB-40C8-80A4-71D8540DDC26}
2,7-047,7-047,JACUMBA VALLEY,JACUMBA VALLEY,SRO,{0C1DE68E-5393-4D2C-9EE2-2A8559819902}
3,9-028,9-028,CAMPO VALLEY,CAMPO VALLEY,SRO,{51D4B0C9-1611-4602-814B-E1773020F070}
4,7-061,7-061,DAVIES VALLEY,DAVIES VALLEY,SRO,{40BFC1BD-8FB4-42EA-B673-E53036F4CFB8}
5,9-027,9-027,COTTONWOOD VALLEY,COTTONWOOD VALLEY,SRO,{45D601F5-439F-40DD-9745-2CA755DAA8F4}
6,9-016,9-016,EL CAJON VALLEY,EL CAJON VALLEY,SRO,{36BA34CE-E3B2-4C36-95DB-D6343F81499C}
7,7-046,7-046,CANEBRAKE VALLEY,CANEBRAKE VALLEY,SRO,{44A425ED-72FF-41C6-A04A-72BACDD373FD}
8,7-029,7-029,COYOTE WELLS VALLEY,COYOTE WELLS VALLEY,SRO,{5FB57B99-C235-402C-8EC0-D5A32D87EEF1}
9,9-013,9-013,POWAY VALLEY,POWAY VALLEY,SRO,{EA8CA3E8-0CE3-42CD-889E-2CEDD137CE34}
10,9-012,9-012,SAN DIEGUITO CREEK,SAN DIEGUITO CREEK,SRO,{9E9D32DE-04B7-407D-8049-C41981890625}
11,7-059,7-059,MASON VALLEY,MASON VALLEY,SRO,{EEC3324F-E752-4303-910B-ED8780ADBB9F}
12,9-023,9-023,SAN ELIJO VALLEY,SAN ELIJO VALLEY,SRO,{0E3D8580-5220-4016-BC88-7EA72867D3DD}
13,7-028,7-028,VALLECITO-CARRIZO VALLEY,VALLECITO-CARRIZO VALLEY,SRO,{2D471ECA-C468-47AE-9DF1-6F44D5AB1C0B}
14,9-011,9-011,SANTA MARIA VALLEY,SANTA MARIA VALLEY,SRO,{D237CA3F-31FC-4688-87C8-83A7A16C93DE}
15,7-036,7-036,YUMA VALLEY,YUMA VALLEY,SRO,{FAC8734B-0958-41A6-916D-22FC882A7291}
16,9-022,9-022,BATIQUITOS LAGOON VALLEY,BATIQUITOS LAGOON VALLEY,SRO,{B8E560F9-019B-4E02-B7A0-FC55E25C31C2}
17,7-035,7-035,OGILBY VALLEY,OGILBY VALLEY,SRO,{303363B7-0E03-4A32-BDB2-BA4A71C3BC3A}
18,9-032,9-032,SAN MARCOS AREA,SAN MARCOS AREA,SRO,{6C2AA4A4-ACBE-480B-ABD8-681280F863BB}
19,9-009,9-009,ESCONDIDO VALLEY,ESCONDIDO VALLEY,SRO,{6801DB68-0E3D-4CF1-A0CE-954ED6AEF02A}
20,7-056,7-056,YAQUI WELL AREA,YAQUI WELL AREA,SRO,{ED3DEF7E-A95A-4D61-8B92-8F6AD337DBCC}
21,9-024,9-024,PAMO VALLEY,PAMO VALLEY,SRO,{A330AC2E-F919-40A2-9D2E-E63043F58AC2}
22,7-027,7-027,SAN FELIPE VALLEY,SAN FELIPE VALLEY,SRO,{C20412E3-F6E0-4608-B2FA-1CA40AF9ACF1}
23,9-025,9-025,RANCHITA TOWN AREA,RANCHITA TOWN AREA,SRO,{2EDE17AA-9B4D-47DD-A9DE-0E984B472386}
24,7-034,7-034,AMOS VALLEY,AMOS VALLEY,SRO,{8548DA3F-C2DE-47A8-9BB7-866379BA4D08}
25,9-008,9-008,WARNER VALLEY,WARNER VALLEY,SRO,{150A2890-DDC4-4507-AED0-CA311605631C}
26,7-030,7-030,IMPERIAL VALLEY,IMPERIAL VALLEY,SRO,{8E1DDE46-7360-44F4-8E42-9377D5B72B0D}
27,9-003,9-003,SAN ONOFRE VALLEY,SAN ONOFRE VALLEY,SRO,{0A0C9167-1B22-4917-8A80-CF7CC95CDABE}
28,7-022,7-022,WEST SALTON SEA,WEST SALTON SEA,SRO,{7EDC2005-16B4-4B8F-9DF8-42E95861B9CB}
29,9-002,9-002,SAN MATEO VALLEY,SAN MATEO VALLEY,SRO,{BC0844CF-0393-444C-AB26-0E763FCC082D}
30,7-055,7-055,COLLINS VALLEY,COLLINS VALLEY,SRO,{CDCFDFAF-D0B4-4D85-B2D6-56B774E168AD}
31,7-033,7-033,EAST SALTON SEA,EAST SALTON SEA,SRO,{607F221B-AEE1-423A-84BC-2F1663B2E78A}
32,7-054,7-054,BUCK RIDGE FAULT VALLEY,BUCK RIDGE FAULT VALLEY,SRO,{845AFB85-C405-41E0-AC11-DBB5822AE020}
33,7-026,7-026,TERWILLIGER VALLEY,TERWILLIGER VALLEY,SRO,{CE88D59A-6B17-4229-85AB-AD635D17F04A}
34,7-037,7-037,ARROYO SECO VALLEY,ARROYO SECO VALLEY,SRO,{5D7EB200-F439-4CA4-9F59-EA8F3D0CA707}
35,7-063,7-063,VANDEVENTER FLAT,VANDEVENTER FLAT,SRO,{78A88B16-C653-4824-A8B9-DDFBC17578DE}
36,9-006,9-006,CAHUILLA VALLEY,CAHUILLA VALLEY,SRO,{2162D686-DD59-410D-959C-DC2D4FB97026}
37,9-005,9-005,TEMECULA VALLEY,TEMECULA VALLEY,SRO,{C7188705-FE93-40E3-958F-E77CA617685C}
38,9-001,9-001,SAN JUAN VALLEY,SAN JUAN VALLEY,SRO,{02D539AE-3257-41F3-A3A5-15C1D17C16B4}
39,7-032,7-032,CHOCOLATE VALLEY,CHOCOLATE VALLEY,SRO,{DA3F813A-F077-44A8-B5E2-2E1F71E07E00}
40,8-006,8-006,HEMET LAKE VALLEY,HEMET LAKE VALLEY,SRO,{2B6A5C20-067A-4009-96D6-2AA92A5B8938}
41,7-031,7-031,OROCOPIA VALLEY,OROCOPIA VALLEY,SRO,{ED1015A3-4D76-42F6-A7ED-93106C51D126}
42,7-038,7-038,PALO VERDE VALLEY,PALO VERDE VALLEY,SRO,{7F17113A-B400-4B92-988A-C6DC213B6F27}
43,7-039,7-039,PALO VERDE MESA,PALO VERDE MESA,SRO,{8FBFA600-DE2D-4DC2-8E6F-EC7550D4C1BD}
44,7-021,7-021.01,COACHELLA VALLEY,COACHELLA VALLEY - INDIO,SRO,{DB59A361-0676-4DE5-BA12-040358C32C9F}
45,7-052,7-052,PLEASANT VALLEY,PLEASANT VALLEY,SRO,{D76F9963-AC9A-4DCB-814C-49161681E438}
46,7-040,7-040,QUIEN SABE POINT VALLEY,QUIEN SABE POINT VALLEY,SRO,{66CF75DC-D9C2-467B-AC15-861ADC35229D}
47,7-021,7-021.03,COACHELLA VALLEY,COACHELLA VALLEY - DESERT HOT SPRINGS,SRO,{B4CBA65B-42DB-4866-B3B1-51A1E7D6C281}
48,4-022,4-022,MALIBU VALLEY,MALIBU VALLEY,SRO,{86D6CF11-D8AD-4513-AFA6-7A0935B4605B}
49,7-021,7-021.04,COACHELLA VALLEY,COACHELLA VALLEY - SAN GORGONIO PASS,SRO,{C94CE9D2-EB10-43FF-B8B2-10A0DDB56DE2}
50,7-053,7-053,HEXIE MOUNTAIN AREA,HEXIE MOUNTAIN AREA,SRO,{ADAD1C09-7AC7-47FE-8EAB-C4A04C2DF348}
51,4-011,4-011.01,COASTAL PLAIN OF LOS ANGELES,COASTAL PLAIN OF LOS ANGELES - SANTA MONICA,SRO,{CA2C76CD-D0C4-412D-A1C4-6AAF729DB519}
52,7-021,7-021.02,COACHELLA VALLEY,COACHELLA VALLEY - MISSION CREEK,SRO,{30DD18B4-795A-40AE-B052-382A6BE450C8}
53,7-005,7-005,CHUCKWALLA VALLEY,CHUCKWALLA VALLEY,SRO,{78902BDE-6B2D-456A-991E-DD819C35F789}
54,4-011,4-011.02,COASTAL PLAIN OF LOS ANGELES,COASTAL PLAIN OF LOS ANGELES - HOLLYWOOD,SRO,{B105E36A-18A7-4C09-87A2-30313DFB4DD2}
55,7-051,7-051,LOST HORSE VALLEY,LOST HORSE VALLEY,SRO,{7EFC11F0-6DFF-4F9B-AF5A-A5512D455196}
56,7-020,7-020,MORONGO VALLEY,MORONGO VALLEY,SRO,{6E2D85E8-C44C-4F66-97A5-36E81282912E}
57,4-016,4-016,HIDDEN VALLEY,HIDDEN VALLEY,SRO,{169CAE82-404E-4904-928E-FB21787D81C7}
58,7-006,7-006,PINTO VALLEY,PINTO VALLEY,SRO,{CAA00C4C-624D-4A9F-A5E0-9524A506CB1B}
59,4-019,4-019,THOUSAND OAKS AREA,THOUSAND OAKS AREA,SRO,{92C235D1-E33E-4282-9305-9F4117018D77}
60,4-020,4-020,RUSSELL VALLEY,RUSSELL VALLEY,SRO,{BAABB0D5-6093-434C-AE36-C5235369DF33}
61,8-008,8-008,SEVEN OAKS VALLEY,SEVEN OAKS VALLEY,SRO,{EAD2E4FC-6C04-4740-9FE4-D84841152BC3}
62,4-010,4-010,CONEJO,CONEJO,SRO,{997229BE-708B-4C3E-872E-01C890257FA4}
63,8-007,8-007,BIG MEADOWS VALLEY,BIG MEADOWS VALLEY,SRO,{FA3E2BA9-DD5C-4EB2-A33D-70CCBF247C7C}
64,7-011,7-011,COPPER MOUNTAIN VALLEY,COPPER MOUNTAIN VALLEY,SRO,{3174380C-EE44-4079-B9BC-C554419C0995}
65,4-015,4-015,TIERRA REJADA,TIERRA REJADA,SRO,{8E0ABFBE-F6C8-4736-9AE2-2BAEB344E317}
66,7-004,7-004,RICE VALLEY,RICE VALLEY,SRO,{D08FE34C-ECFA-4D5B-B4ED-7921297D2B00}
67,4-009,4-009,SIMI VALLEY,SIMI VALLEY,SRO,{8D93F5AC-4605-4E68-9E8D-A3D1E21CEABE}
68,7-049,7-049,PIPES CANYON FAULT VALLEY,PIPES CANYON FAULT VALLEY,SRO,{B6DB624A-D820-4871-9C45-55AA625085AC}
69,4-012,4-012,SAN FERNANDO VALLEY,SAN FERNANDO VALLEY,SRO,{FBEA6C63-1C30-472A-8B0B-008CC7C451EF}
70,7-010,7-010,TWENTYNINE PALMS VALLEY,TWENTYNINE PALMS VALLEY,SRO,{89384D7C-95EC-40A4-9A09-A4937C95A2B7}
71,7-048,7-048,HELENDALE FAULT VALLEY,HELENDALE FAULT VALLEY,SRO,{AEE3DF1B-0D5A-4FC5-89FF-D7911146364E}
72,4-003,4-003.02,VENTURA RIVER VALLEY,VENTURA RIVER VALLEY - LOWER VENTURA RIVER,SRO,{242AB82B-0F72-4258-9B3B-33ED5F48F619}
73,7-041,7-041,CALZONA VALLEY,CALZONA VALLEY,SRO,{65CAA4EC-DA4C-4532-B783-870E12515BFE}
74,3-017,3-017,SANTA BARBARA,SANTA BARBARA,SRO,{5856235E-101D-49DD-82D6-E48586A1554F}
75,7-042,7-042,VIDAL VALLEY,VIDAL VALLEY,SRO,{42F158C9-FA7B-4EA4-B472-E129D78E5A89}
76,7-013,7-013.02,DEADMAN VALLEY,DEADMAN VALLEY - SURPRISE SPRING,SRO,{D8797B7E-DCB3-4FBA-AC0D-D6505ECBE49D}
77,4-001,4-001,UPPER OJAI VALLEY,UPPER OJAI VALLEY,SRO,{BF462E28-8FA3-4101-B59A-0E068D265A07}
78,3-016,3-016,GOLETA,GOLETA,SRO,{419344B8-A45B-42CF-B021-EF7663DE34F3}
79,7-009,7-009,DALE VALLEY,DALE VALLEY,SRO,{31F0BEB8-6741-491E-9868-2804A0046B5B}
80,7-017,7-017,MEANS VALLEY,MEANS VALLEY,SRO,{2893BE30-E43C-4B68-A023-9E0A5CCA39E8}
81,4-005,4-005,ACTON VALLEY,ACTON VALLEY,SRO,{52A7B172-89FD-478F-BB47-6EA4E243888D}
82,7-018,7-018.01,JOHNSON VALLEY,JOHNSON VALLEY - SOGGY LAKE,SRO,{9DC73824-109B-4BEE-982B-DECC4E957DEC}
83,7-016,7-016,AMES VALLEY,AMES VALLEY,SRO,{185A8B05-8C61-4BA2-B1A7-79AEF44D48A9}
84,7-018,7-018.02,JOHNSON VALLEY,JOHNSON VALLEY - UPPER JOHNSON VALLEY,SRO,{966D8DF5-6132-4D53-A773-0F45B4314632}
85,7-013,7-013.01,DEADMAN VALLEY,DEADMAN VALLEY - DEADMAN LAKE,SRO,{F2FF11D8-C082-44B0-89D9-DC7521991104}
86,7-007,7-007,CADIZ VALLEY,CADIZ VALLEY,SRO,{0AD72CA6-D08D-4E2A-8240-D8472BE2E733}
87,7-019,7-019,LUCERNE VALLEY,LUCERNE VALLEY,SRO,{E75AAF5C-8857-4A2B-AA41-E22045376242}
88,7-050,7-050,IRON RIDGE AREA,IRON RIDGE AREA,SRO,{7C92B746-D4C5-4425-A954-E70EB9B0CC57}
89,7-015,7-015,BESSEMER VALLEY,BESSEMER VALLEY,SRO,{6962D81C-4E11-429C-A2AA-796AA32CC094}
90,6-042,6-042,UPPER MOJAVE RIVER VALLEY,UPPER MOJAVE RIVER VALLEY,SRO,{3F91CA85-CAEB-43F3-8609-4ED86D2EDA38}
91,6-043,6-043,EL MIRAGE VALLEY,EL MIRAGE VALLEY,SRO,{B07D6E60-86DB-45F1-8430-C8AB574B0458}
92,6-089,6-089,KANE WASH AREA,KANE WASH AREA,SRO,{292C5E98-F639-4555-B777-ABC966E9B38F}
93,4-018,4-018,HUNGRY VALLEY,HUNGRY VALLEY,SRO,{211E34B3-07CF-439E-8ECB-310F11430647}
94,4-017,4-017,LOCKWOOD VALLEY,LOCKWOOD VALLEY,SRO,{8103865F-A73D-420C-8E57-DFDE7B5C84B7}
95,5-083,5-083,CUDDY RANCH AREA,CUDDY RANCH AREA,SRO,{BD19668A-B0AC-4088-89CA-BFE2D174F468}
96,7-043,7-043,CHEMEHUEVI VALLEY,CHEMEHUEVI VALLEY,SRO,{3916229E-C2D8-4D9F-835A-26988B04607A}
97,5-082,5-082,CUDDY CANYON VALLEY,CUDDY CANYON VALLEY,SCRO,{6088F39C-59EE-42F7-A84E-621B4D3C5FCD}
98,7-008,7-008,BRISTOL VALLEY,BRISTOL VALLEY,SRO,{D1554DDA-448C-4912-ACE1-175111A3F3B3}
99,5-084,5-084,CUDDY VALLEY,CUDDY VALLEY,SCRO,{3678F7FE-107A-456D-83E4-C840274C6DCF}
100,5-085,5-085,MIL POTRERO AREA,MIL POTRERO AREA,SCRO,{588160A6-EA61-4F43-BD73-9B06B571E511}
101,5-029,5-029,CASTAC LAKE VALLEY,CASTAC LAKE VALLEY,SCRO,{9D82ED9C-B85B-4FD6-9825-2776ABB74842}
102,7-014,7-014,LAVIC VALLEY,LAVIC VALLEY,SRO,{CCDAA36D-ACAD-4101-89C8-A56118D3B7D2}
103,6-032,6-032,BROADWELL VALLEY,BROADWELL VALLEY,SRO,{412D8353-A986-47CE-8AD7-0C9F8A87C865}
104,6-041,6-041,MIDDLE MOJAVE RIVER VALLEY,MIDDLE MOJAVE RIVER VALLEY,SRO,{09AF6366-71E6-46A1-BB6A-AD3243FF4A8E}
105,6-090,6-090,CADY FAULT AREA,CADY FAULT AREA,SRO,{43BEF26D-BF4E-4269-9513-90F3730E106E}
106,7-003,7-003,WARD VALLEY,WARD VALLEY,SRO,{46646750-1F39-4A58-AC94-84774A197D19}
107,6-040,6-040,LOWER MOJAVE RIVER VALLEY,LOWER MOJAVE RIVER VALLEY,SRO,{31BC2E08-F939-485C-A84F-B548F80AE261}
108,5-080,5-080,BRITE VALLEY,BRITE VALLEY,SCRO,{751E7EE7-4803-409C-968E-700459C2F4E0}
109,5-027,5-027,CUMMINGS VALLEY,CUMMINGS VALLEY,SCRO,{CBF36999-D3CC-4EEA-B152-8D70D72014EB}
110,6-038,6-038,CAVES CANYON VALLEY,CAVES CANYON VALLEY,SRO,{A90EC133-3122-452F-B857-D871CF60790D}
111,3-045,3-045,HUASNA VALLEY,HUASNA VALLEY,SCRO,{EE0E583E-4EDD-4378-99AE-007E84301480}
112,7-044,7-044,NEEDLES VALLEY,NEEDLES VALLEY,SRO,{0D2765C9-25E0-4D7F-9256-B4C39D1F3C0A}
113,5-028,5-028,TEHACHAPI VALLEY WEST,TEHACHAPI VALLEY WEST,SCRO,{D4135F76-F88A-44E0-9237-3D343894D386}
114,7-002,7-002,FENNER VALLEY,FENNER VALLEY,SRO,{267059C2-693A-4E16-98C4-7C6BC2489732}
115,6-044,6-044,ANTELOPE VALLEY,ANTELOPE VALLEY,SRO,{2D4102DE-7062-4C1A-8B81-6EB4C17D90B1}
116,3-013,3-013,CUYAMA VALLEY,CUYAMA VALLEY,SRO,{1FAF4674-A2B0-4A64-B215-B9BB8509F0A2}
117,6-045,6-045,TEHACHAPI VALLEY EAST,TEHACHAPI VALLEY EAST,SRO,{5270DE74-EC37-478D-B503-46A8CEC9E5C0}
118,6-037,6-037,COYOTE LAKE VALLEY,COYOTE LAKE VALLEY,SRO,{8FE582A7-FDCB-40B8-B934-D6BC5E7A23FC}
119,3-047,3-047,BIG SPRING AREA,BIG SPRING AREA,SCRO,{1D87919D-958A-42EF-8C06-5C482BF25F7E}
120,6-036,6-036.01,LANGFORD VALLEY,LANGFORD VALLEY - LANGFORD WELL LAKE,SRO,{008B0B8A-70A2-4D55-83E4-369DB46F05EC}
121,3-046,3-046,RAFAEL VALLEY,RAFAEL VALLEY,SCRO,{4BE18A15-9F08-4EB9-9D1D-AFC3E7B8357B}
122,3-009,3-009,SAN LUIS OBISPO VALLEY,SAN LUIS OBISPO VALLEY,SCRO,{7E6CDB5A-C630-417F-A2A0-36895A11B7CC}
123,6-036,6-036.02,LANGFORD VALLEY,LANGFORD VALLEY - IRWIN,SRO,{9D349AC1-927C-4B73-9FC1-0A0610844AB0}
124,6-031,6-031,KELSO VALLEY,KELSO VALLEY,SRO,{DDF26DB8-7FF8-44CB-A6CE-FFF5763E0E03}
125,6-047,6-047,HARPER VALLEY,HARPER VALLEY,SRO,{3FD1D372-CB59-4A6B-A103-7808A87EFF67}
126,3-043,3-043,RINCONADA VALLEY,RINCONADA VALLEY,SCRO,{BA9276E8-B8A9-4FE2-80EC-AA6FB6429BCB}
127,3-044,3-044,POZO VALLEY,POZO VALLEY,SCRO,{173EDC43-B8DF-49A6-B8CD-C3C7C0551279}
128,3-042,3-042,CHORRO VALLEY,CHORRO VALLEY,SCRO,{EE586BBC-F7FA-4B39-93FF-6F788E81D840}
129,6-035,6-035,CRONISE VALLEY,CRONISE VALLEY,SRO,{52CF7305-1EF4-48AC-BB72-44585CB8C678}
130,7-045,7-045,PIUTE VALLEY,PIUTE VALLEY,SRO,{86357C4D-53B8-4F9C-87F2-C4332FB7AD52}
131,3-041,3-041,MORRO VALLEY,MORRO VALLEY,SCRO,{9F8A470F-210A-4B61-84B5-2ECC3B3A3C57}
132,6-077,6-077,GRASS VALLEY,GRASS VALLEY,SRO,{F180EFDE-B2A0-4CF6-A786-510DE114AF2D}
133,3-040,3-040,TORO VALLEY,TORO VALLEY,SCRO,{415B180B-DF81-404E-B528-C1D6630052F9}
134,6-048,6-048,GOLDSTONE VALLEY,GOLDSTONE VALLEY,SRO,{E26B4E09-198E-4632-8803-ADE08BE37ACC}
135,6-069,6-069,KELSO LANDER VALLEY,KELSO LANDER VALLEY,SRO,{FA2111D3-2F81-4BD3-859E-8FC9576191A5}
136,6-049,6-049,SUPERIOR VALLEY,SUPERIOR VALLEY,SRO,{07E9AEAA-D4CD-4426-B04A-FCB84D280FDA}
137,3-019,3-019,CARRIZO PLAIN,CARRIZO PLAIN,SCRO,{D9FE5585-897C-449D-9494-A404943F6465}
138,5-026,5-026,WALKER BASIN CREEK VALLEY,WALKER BASIN CREEK VALLEY,SCRO,{802846AD-0563-4D5C-99AC-3130B71717DC}
139,6-050,6-050,CUDDEBACK VALLEY,CUDDEBACK VALLEY,SRO,{C9A6D4A3-7A58-4848-A342-686733FB30F6}
140,6-034,6-034,SILVER LAKE VALLEY,SILVER LAKE VALLEY,SRO,{52DDEFDD-0DD3-451D-A327-22DA3055AD11}
141,3-038,3-038,CAYUCOS VALLEY,CAYUCOS VALLEY,SCRO,{0021AFC7-0FA6-4125-93A9-4CA180015C0E}
142,7-001,7-001,LANFAIR VALLEY,LANFAIR VALLEY,SRO,{8DF8B74E-0AB0-480D-8918-4AB156BC5E7A}
143,6-046,6-046,FREMONT VALLEY,FREMONT VALLEY,SRO,{E73E385A-D65A-49DF-8E74-90799A94A891}
144,6-033,6-033,SODA LAKE VALLEY,SODA LAKE VALLEY,SRO,{58CA3886-7FE9-4AEB-9158-555855753487}
145,3-039,3-039,OLD VALLEY,OLD VALLEY,SCRO,{1F2512D7-972A-495F-B0F5-F285D1D9F38F}
146,3-037,3-037,VILLA VALLEY,VILLA VALLEY,SCRO,{50D3C74B-9136-4DA6-9451-807ECF3DAB18}
147,6-024,6-024,RED PASS VALLEY,RED PASS VALLEY,SRO,{6D3A8E11-F3AB-48F9-9F44-4C175261E828}
148,6-025,6-025,BICYCLE VALLEY,BICYCLE VALLEY,SRO,{6F917E6C-7D56-4C85-B440-9CF78727DAAB}
149,6-026,6-026,AVAWATZ VALLEY,AVAWATZ VALLEY,SRO,{D4487B51-BCF3-49E9-83FA-02F03248112A}
150,3-036,3-036,SANTA ROSA VALLEY,SANTA ROSA VALLEY,SCRO,{3AF95865-8A59-471B-AF77-7F54EE1F7271}
151,6-023,6-023,RIGGS VALLEY,RIGGS VALLEY,SRO,{F2B42994-AC30-4CFD-9F9E-1361A77F8875}
152,3-035,3-035,SAN SIMEON VALLEY,SAN SIMEON VALLEY,SCRO,{D6D17C5F-ECE4-4E0C-A137-BF94BE537C56}
153,6-078,6-078,DENNING SPRING VALLEY,DENNING SPRING VALLEY,SRO,{EF709312-06AD-4D15-B213-0E04CD2DE264}
154,6-051,6-051,PILOT KNOB VALLEY,PILOT KNOB VALLEY,SRO,{287419B2-A559-4A23-89F6-4EA02FD5A008}
155,6-027,6-027,LEACH VALLEY,LEACH VALLEY,SRO,{09B4CD6F-6A95-449C-AB97-E704D4F05A46}
156,3-034,3-034,ARROYO DE LA CRUZ VALLEY,ARROYO DE LA CRUZ VALLEY,SCRO,{8B31AD37-942E-42EE-8120-2D9B96950A83}
157,6-030,6-030,IVANPAH VALLEY,IVANPAH VALLEY,SRO,{DE920474-4183-42E1-A2A6-D1B03FFB5031}
158,6-053,6-053,SALT WELLS VALLEY,SALT WELLS VALLEY,SRO,{530698D1-3DC2-4FA5-A0C1-F72DEE668A04}
159,3-033,3-033,SAN CARPOFORO VALLEY,SAN CARPOFORO VALLEY,SCRO,{801CFF71-70AD-4F43-AB67-E564B88DBFC3}
160,6-022,6-022,UPPER KINGSTON VALLEY,UPPER KINGSTON VALLEY,SRO,{9235DC86-BE05-476B-ACE6-6B540E15EEA3}
161,6-076,6-076,BROWN MOUNTAIN VALLEY,BROWN MOUNTAIN VALLEY,SRO,{50661152-9066-461E-A170-9C68A0B2C10A}
162,6-021,6-021,LOWER KINGSTON VALLEY,LOWER KINGSTON VALLEY,SRO,{E9D8D350-D058-453E-B002-BFB72E4B7678}
163,6-071,6-071,LOST LAKE VALLEY,LOST LAKE VALLEY,SRO,{D970813C-782D-4E23-8EC2-BA0DE7464B7D}
164,6-088,6-088,OWL LAKE VALLEY,OWL LAKE VALLEY,SRO,{C6068955-EC26-4D9C-9FF9-8CAEF803F74F}
165,5-025,5-025,KERN RIVER VALLEY,KERN RIVER VALLEY,SCRO,{5552A853-14C0-45C5-BA5E-644AAC0035D9}
166,6-019,6-019,WINGATE VALLEY,WINGATE VALLEY,SRO,{7AAC3C76-02ED-4686-A109-49DB36D4CB92}
167,6-054,6-054,INDIAN WELLS VALLEY,INDIAN WELLS VALLEY,SRO,{9CB91DEA-9479-469E-8474-A45388FD4EA3}
168,6-052,6-052,SEARLES VALLEY,SEARLES VALLEY,SRO,{76F651DE-3C92-436A-86D9-3852E2B3C963}
169,6-029,6-029,MESQUITE VALLEY,MESQUITE VALLEY,SRO,{F2591FA0-F6B5-4062-899E-4FC4FB297586}
170,6-082,6-082,SPRING CANYON VALLEY,SPRING CANYON VALLEY,SRO,{BEB9B398-566E-4FDB-AE9F-519E0042F2B7}
171,6-086,6-086,RHODES HILL AREA,RHODES HILL AREA,SRO,{82F67C78-179D-41DE-80C3-A3F07F8EC01E}
172,6-055,6-055,COSO VALLEY,COSO VALLEY,SRO,{BE8DBA08-ACC3-476E-AE6F-F16E4F5DB493}
173,6-081,6-081,BUTTE VALLEY,BUTTE VALLEY,SRO,{982E9435-ACC3-41D3-A39F-2C9085AAE4AD}
174,6-080,6-080,MIDDLE PARK CANYON,MIDDLE PARK CANYON,SRO,{59818C13-D6DA-4A6D-B1D9-46640A759176}
175,6-073,6-073,WILD HORSE MESA AREA,WILD HORSE MESA AREA,SRO,{486B89DD-1CE2-45CD-863A-645DD2D603BF}
176,6-079,6-079,CALIFORNIA VALLEY,CALIFORNIA VALLEY,SRO,{F60CA1E4-09C3-4A03-8FC5-5ED34D015D03}
177,3-006,3-006,LOCKWOOD VALLEY,LOCKWOOD VALLEY,SCRO,{473F775C-8059-4552-8450-F1B74CC95787}
178,6-085,6-085,GOLD VALLEY,GOLD VALLEY,SRO,{59A0AD9F-A4A0-4DCE-B6E7-46A72144C953}
179,6-056,6-056,ROSE VALLEY,ROSE VALLEY,SRO,{686FA0FD-87C0-4C86-816A-7CC441C6FCA6}
180,6-072,6-072,COLES FLAT,COLES FLAT,SRO,{8C78C771-3783-4318-9ABA-B14433AB8982}
181,6-070,6-070,CACTUS FLAT,CACTUS FLAT,SRO,{0F0F6037-C2BD-459A-837C-ECD4D72B234C}
182,6-028,6-028,PAHRUMP VALLEY,PAHRUMP VALLEY,SRO,{9A95B6F3-6638-4259-9C97-9EEC7DCC533F}
183,6-075,6-075,WILDROSE CANYON,WILDROSE CANYON,SRO,{157A7D18-7DEA-4E11-9765-53786F871ED2}
184,3-032,3-032,PEACH TREE VALLEY,PEACH TREE VALLEY,SCRO,{9AD348AA-5DC9-407C-8191-AD522E3E3BDF}
185,6-084,6-084,GREENWATER VALLEY,GREENWATER VALLEY,SRO,{96D9D0C2-05BD-43DB-9651-5CAF6AAFA00E}
186,6-057,6-057,DARWIN VALLEY,DARWIN VALLEY,SRO,{575F26D5-6B65-42F3-893D-C0665163B9F8}
187,3-031,3-031,HERNANDEZ VALLEY,HERNANDEZ VALLEY,SCRO,{77F3A5FA-28B8-4BCC-B116-5E2F628A14D8}
188,6-068,6-068,SANTA ROSA FLAT,SANTA ROSA FLAT,SRO,{D4A7EB90-922E-4BD2-9D76-A6AE05F24BEF}
189,6-013,6-013,BLACK SPRINGS VALLEY,BLACK SPRINGS VALLEY,SRO,{B62893A3-1012-464A-B989-D1F878DFFA61}
190,6-074,6-074,HARRISBURG FLATS,HARRISBURG FLATS,SRO,{EE4C5C48-745B-4C80-8351-28559BD6705D}
191,3-004,3-004.04,SALINAS VALLEY,SALINAS VALLEY - FOREBAY AQUIFER,SCRO,{12EDD293-CD95-44D3-B524-F24ADDD21FB0}
192,3-030,3-030,BITTER WATER VALLEY,BITTER WATER VALLEY,SCRO,{83FDBC63-E502-45AA-B6B4-255787882A00}
193,6-058,6-058,PANAMINT VALLEY,PANAMINT VALLEY,SRO,{45490BBF-F0A2-48A9-AB2E-90D7BA614B36}
194,5-071,5-071,VALLECITOS CREEK VALLEY,VALLECITOS CREEK VALLEY,SCRO,{DCF2BE3D-5BBD-4A80-ADD4-70A4B7486941}
195,5-022,5-022.11,SAN JOAQUIN VALLEY,SAN JOAQUIN VALLEY - KAWEAH,SCRO,{C20665B5-35DA-43CF-99FA-BA4F7A35E20A}
196,3-029,3-029,DRY LAKE VALLEY,DRY LAKE VALLEY,SCRO,{E4F0A29C-C9CF-4931-9B74-C407316F01CC}
197,6-065,6-065,COTTONWOOD SPRING AREA,COTTONWOOD SPRING AREA,SRO,{5E8A63AC-73C4-4675-A61D-74754ED33A93}
198,6-066,6-066,LEE FLAT,LEE FLAT,SRO,{1F4BD012-9C53-4F6C-9E8A-81EFCEEA0AFC}
199,3-004,3-004.10,SALINAS VALLEY,SALINAS VALLEY - MONTEREY,SCRO,{BC1135D6-A2D7-4C14-88EA-C309A001C793}
200,6-064,6-064,MARBLE CANYON AREA,MARBLE CANYON AREA,SRO,{CCB0BDD0-BAFC-4B16-AD40-C42DD3C01BA9}
201,6-020,6-020,MIDDLE AMARGOSA VALLEY,MIDDLE AMARGOSA VALLEY,SRO,{802824DE-22DF-4236-9647-A2A3FC75087D}
202,5-023,5-023,PANOCHE VALLEY,PANOCHE VALLEY,SCRO,{B54E1DBF-4C19-40C7-AA30-CE63155DAF36}
203,3-028,3-028,SAN BENITO RIVER VALLEY,SAN BENITO RIVER VALLEY,SCRO,{615C7A2B-696A-4A99-BF5B-07DD5DF7F48E}
204,3-004,3-004.02,SALINAS VALLEY,SALINAS VALLEY - EAST SIDE AQUIFER,SCRO,{DC91E02D-FB7D-4F36-AF9C-E3BDDCDD47DC}
205,6-063,6-063,HIDDEN VALLEY,HIDDEN VALLEY,SRO,{B022F85A-5A67-478A-8F5D-D88587ED5D67}
206,5-022,5-022.09,SAN JOAQUIN VALLEY,SAN JOAQUIN VALLEY - WESTSIDE,SCRO,{FCA9E341-3E79-44B1-BD92-7831CA35E991}
207,3-023,3-023,UPPER SANTA ANA VALLEY,UPPER SANTA ANA VALLEY,SCRO,{95E93A3B-5C30-4D66-818E-3FC563DF25CD}
208,6-062,6-062,RACE TRACK VALLEY,RACE TRACK VALLEY,SRO,{77BC53F5-E779-4A1E-8FB0-5CC80156A622}
209,3-004,3-004.09,SALINAS VALLEY,SALINAS VALLEY - LANGLEY AREA,SCRO,{2468D28E-9D96-4C50-AE98-166E390025DE}
210,3-022,3-022,SANTA ANA VALLEY,SANTA ANA VALLEY,SCRO,{FCC92C1E-EB06-4C7C-9722-8ADBD59C6C14}
211,6-061,6-061,CAMEO AREA,CAMEO AREA,SRO,{8DCBF125-19E0-4117-928E-C033DADCAD9F}
212,3-024,3-024,QUIEN SABE VALLEY,QUIEN SABE VALLEY,SCRO,{D83E49A6-B55F-4BA3-9428-D83590BF2CF8}
213,3-051,3-051,MAJORS CREEK,MAJORS CREEK,SCRO,{BD490A47-90B2-4A80-ADD6-BBADF4072EB8}
214,5-070,5-070,LOS BANOS CREEK VALLEY,LOS BANOS CREEK VALLEY,SCRO,{82F29DD9-01E4-4121-90F8-D6CD251BB75C}
215,6-017,6-017,SALINE VALLEY,SALINE VALLEY,SRO,{DB5B79E0-79DF-4F80-8A32-6085360BE597}
216,3-020,3-020,AÑO NUEVO AREA,AÑO NUEVO AREA,SCRO,{F7A9E30C-E83A-4A81-992E-F825EB34AD09}
217,2-026,2-026,PESCADERO VALLEY,PESCADERO VALLEY,NCRO,{0DD417C0-9013-457F-AE68-F9C77CB219E7}
218,6-018,6-018,DEATH VALLEY,DEATH VALLEY,SRO,{05C3AADE-FDA4-4F2C-B9BA-1D8087365BB1}
219,2-024,2-024,SAN GREGORIO VALLEY,SAN GREGORIO VALLEY,NCRO,{3D2871CE-957C-48FF-8A90-FB96A40CF279}
220,6-015,6-015,DEEP SPRINGS VALLEY,DEEP SPRINGS VALLEY,SRO,{78C4597F-4D49-4652-8624-02EDD0D22ADF}
221,6-016,6-016,EUREKA VALLEY,EUREKA VALLEY,SRO,{B49EB7CB-E72B-424A-8D05-42E79690B7CC}
222,2-022,2-022,HALF MOON BAY TERRACE,HALF MOON BAY TERRACE,NCRO,{305FE04A-2201-4CC5-A230-AAA712555986}
223,2-036,2-036,SAN PEDRO VALLEY,SAN PEDRO VALLEY,NCRO,{5B3F433A-3C62-4D9D-BFB4-0093F3C260CE}
224,2-011,2-011,SUNOL VALLEY,SUNOL VALLEY,NCRO,{2E4ADAEA-6B08-4F6C-8F3C-13F2DEF76D58}
225,6-014,6-014,FISH LAKE VALLEY,FISH LAKE VALLEY,SRO,{5FC47093-9774-443E-8909-FAB3E266A26C}
226,2-008,2-008,CASTRO VALLEY,CASTRO VALLEY,NCRO,{6AE425D7-C9AD-4FF0-A34C-5FA0E9D5AECC}
227,2-032,2-032,VISITACION VALLEY,VISITACION VALLEY,NCRO,{F2D21240-2354-4682-B43E-F8BA2C642FB7}
228,2-037,2-037,SOUTH SAN FRANCISCO,SOUTH SAN FRANCISCO,NCRO,{25D6F608-B11D-4BF2-A0D3-63E4B0F3CD1D}
229,5-069,5-069,YOSEMITE VALLEY,YOSEMITE VALLEY,SCRO,{940F19B1-E190-4B59-A4B9-BCB3D939CF47}
230,6-011,6-011,LONG VALLEY,LONG VALLEY,SRO,{3BB2CDC0-309F-4A7C-818E-F9AC3D178B31}
231,2-033,2-033,ISLAIS VALLEY,ISLAIS VALLEY,NCRO,{ABAF6842-E418-45C1-9234-4F5E34993018}
232,2-010,2-010,LIVERMORE VALLEY,LIVERMORE VALLEY,NCRO,{5200FFEE-1B47-4DCF-88E0-2FE84CDC93AF}
233,2-035,2-035,WESTSIDE,WESTSIDE,NCRO,{BD8A939E-C945-4A6D-AD01-55FD68E84CBE}
234,2-038,2-038,LOBOS,LOBOS,NCRO,{EADC682A-00D1-4A40-AFD4-1876B1BB177B}
235,2-040,2-040,DOWNTOWN,DOWNTOWN,NCRO,{69299FA1-007D-4FF5-8C12-29AC53A4A604}
236,2-039,2-039,MARINA,MARINA,NCRO,{FC8FCD16-FD16-44D5-B03B-5BA0258E2B92}
237,5-022,5-022.02,SAN JOAQUIN VALLEY,SAN JOAQUIN VALLEY - MODESTO,SCRO,{D751A96B-0B86-4BFC-969C-8A234620F328}
238,2-007,2-007,SAN RAMON VALLEY,SAN RAMON VALLEY,NCRO,{2EC3F7DD-6BC3-4C6B-BAB1-410F40FFE0C0}
239,2-028,2-028,ROSS VALLEY,ROSS VALLEY,NCRO,{5407D6F4-430D-4B20-BAE1-D5CB8270D938}
240,6-010,6-010,ADOBE LAKE VALLEY,ADOBE LAKE VALLEY,SRO,{DFCF779C-CF0D-4845-A68C-4937A0ABFB07}
241,2-029,2-029,SAN RAFAEL VALLEY,SAN RAFAEL VALLEY,NCRO,{47D7B069-C76F-4319-AA18-9258D662B20F}
242,2-031,2-031,ARROYO DEL HAMBRE VALLEY,ARROYO DEL HAMBRE VALLEY,NCRO,{220C017C-4B44-46AA-BBD0-612E3500E4FC}
243,2-006,2-006,YGNACIO VALLEY,YGNACIO VALLEY,NCRO,{4A9365AC-67C1-4B4E-8C28-3DF1E01ADC6B}
244,2-004,2-004,PITTSBURG PLAIN,PITTSBURG PLAIN,NCRO,{C58E2F88-5693-4E09-847F-38B35B620E7A}
245,2-005,2-005,CLAYTON VALLEY,CLAYTON VALLEY,NCRO,{CA0B5477-B460-4303-A474-2A96982F0BEC}
246,6-009,6-009,MONO VALLEY,MONO VALLEY,SRO,{C7F3FF51-CFDB-4368-9199-E96866549B55}
247,2-030,2-030,NOVATO VALLEY,NOVATO VALLEY,NCRO,{62D715E2-0234-4CDA-B3FA-9D3B0653F070}
248,2-003,2-003,SUISUN-FAIRFIELD VALLEY,SUISUN-FAIRFIELD VALLEY,NCRO,{04C881C2-54DD-4A34-BE3D-A9B741CB231A}
249,1-057,1-057,BODEGA BAY AREA,BODEGA BAY AREA,NCRO,{8E678407-B9A9-4796-B3BF-29AC350B2686}
250,6-008,6-008,BRIDGEPORT VALLEY,BRIDGEPORT VALLEY,NCRO,{F4EDFFE0-86C4-4F46-817F-3064338ED425}
251,6-107,6-107,SWEETWATER FLAT,SWEETWATER FLAT,NCRO,{936C04CC-F4A6-4B30-BCBD-1226EA3AEEA4}
252,1-061,1-061,FORT ROSS TERRACE DEPOSITS,FORT ROSS TERRACE DEPOSITS,NCRO,{2E6320B0-3C5F-4A86-B811-FB0F6830AAB4}
253,2-019,2-019,KENWOOD VALLEY,KENWOOD VALLEY,NCRO,{DBEC6D90-033D-486F-A76B-4F04C44348B5}
254,6-106,6-106,LITTLE ANTELOPE VALLEY,LITTLE ANTELOPE VALLEY,NCRO,{B8622113-35B3-4156-A54F-7149F713BE9F}
255,1-055,1-055.03,SANTA ROSA VALLEY,SANTA ROSA VALLEY - RINCON VALLEY,NCRO,{57071078-3635-4B69-B769-45D7CA66A99D}
256,1-060,1-060,LOWER RUSSIAN RIVER VALLEY,LOWER RUSSIAN RIVER VALLEY,NCRO,{3D2015CA-817F-4FB9-A373-BE612A34D5A2}
257,5-020,5-020,BERRYESSA VALLEY,BERRYESSA VALLEY,NCRO,{7408F1E8-D3DD-49E0-BA91-EAB75E4A549D}
258,2-002,2-002.01,NAPA-SONOMA VALLEY,NAPA-SONOMA VALLEY - NAPA VALLEY,NCRO,{1AEA463F-914A-4721-92BE-38767D4769F9}
259,6-105,6-105,SLINKARD VALLEY,SLINKARD VALLEY,NCRO,{3FB5E076-0F6F-485C-B553-58A3104117AE}
260,6-007,6-007,ANTELOPE VALLEY,ANTELOPE VALLEY,NCRO,{4D90B15A-5F27-4549-A971-814BC86CD77D}
261,1-049,1-049,ANNAPOLIS OHLSON RANCH FORMATION HIGHLANDS,ANNAPOLIS OHLSON RANCH FORMATION HIGHLANDS,NCRO,{A113829D-1035-44FB-B7E8-A3EC31CACFAF}
262,5-068,5-068,POPE VALLEY,POPE VALLEY,NCRO,{FA0015A0-7BEF-4362-8857-7481C3AB051F}
263,1-050,1-050,KNIGHTS VALLEY,KNIGHTS VALLEY,NCRO,{AD486148-792C-4C22-8120-177CD3EC0835}
264,1-055,1-055.02,SANTA ROSA VALLEY,SANTA ROSA VALLEY - HEALDSBURG AREA,NCRO,{E05AD307-D00E-4D34-8125-8E1319ADDAC8}
265,5-019,5-019,COLLAYOMI VALLEY,COLLAYOMI VALLEY,NCRO,{114F2294-2C6D-466E-B4FE-B52B524C7FB9}
266,5-018,5-018,COYOTE VALLEY,COYOTE VALLEY,NCRO,{7478E371-1062-4487-A282-88A72D9AB7C7}
267,6-006,6-006,CARSON VALLEY,CARSON VALLEY,NCRO,{003BE2EC-CC70-4FE4-BBF3-92872A93FCA0}
268,1-054,1-054.02,ALEXANDER VALLEY,ALEXANDER VALLEY - CLOVERDALE AREA,NCRO,{1D5507FA-3556-4775-9B64-AF83AA56862E}
269,5-030,5-030,LOWER LAKE VALLEY,LOWER LAKE VALLEY,NRO,{1BB8E0F1-64F9-4039-BC38-3B995C9335E1}
270,1-021,1-021,FORT BRAGG TERRACE AREA,FORT BRAGG TERRACE AREA,NCRO,{886A9BFD-4D11-40DB-9424-8D2A11CE70F5}
271,1-056,1-056,McDOWELL VALLEY,McDOWELL VALLEY,NCRO,{6D593432-A1F4-4C42-A202-230246F64D04}
272,5-017,5-017,BURNS VALLEY,BURNS VALLEY,NRO,{30400FB8-6E01-41EF-A82D-1884590BC77C}
273,1-020,1-020,GARCIA RIVER VALLEY,GARCIA RIVER VALLEY,NCRO,{BDDCEDEE-BC32-4F0E-A3DE-1E7FB09493D5}
274,5-015,5-015,BIG VALLEY,BIG VALLEY,NRO,{52980422-33B6-4BF3-9C4C-019F939C0D1E}
275,1-053,1-053,SANEL VALLEY,SANEL VALLEY,NCRO,{DD1C0AAE-F31A-4345-9D5E-93FB8D6C79D1}
276,5-016,5-016,HIGH VALLEY,HIGH VALLEY,NRO,{A7282D32-41FE-44E6-AD3E-20A796BD0B4B}
277,5-066,5-066,CLEAR LAKE CACHE FORMATION,CLEAR LAKE CACHE FORMATION,NRO,{D9634E9A-BBBF-4B96-95B5-E113E81C8EAB}
278,5-014,5-014,SCOTTS VALLEY,SCOTTS VALLEY,NRO,{B0532BC8-16B0-4BE2-94B9-52AE40390201}
279,1-019,1-019,ANDERSON VALLEY,ANDERSON VALLEY,NCRO,{07B1AB46-55DF-46CA-83EF-C5D902D601DF}
280,5-031,5-031,LONG VALLEY,LONG VALLEY,NRO,{F680B52D-CBF6-4F5D-A2FD-A435C81CF49B}
281,5-092,5-092,BLANCHARD VALLEY,BLANCHARD VALLEY,NRO,{181430DD-4820-4D39-8777-4AF3FE853D19}
282,6-005,6-005.02,TAHOE VALLEY,TAHOE VALLEY - TAHOE WEST,NCRO,{65CCF116-3EB7-442E-A4C8-BFECA57E08BF}
283,6-108,6-108,OLYMPIC VALLEY,OLYMPIC VALLEY,NCRO,{B29C3B74-F99A-4E0B-BB73-8B2ED4FCA70A}
284,5-013,5-013,UPPER LAKE VALLEY,UPPER LAKE VALLEY,NRO,{F03CCD9D-4149-46B1-9B24-615774407B52}
285,1-046,1-046,NAVARRO RIVER VALLEY,NAVARRO RIVER VALLEY,NCRO,{07F5E02A-D3B9-4E68-AC97-48907701A6AC}
286,5-064,5-064,BEAR VALLEY,BEAR VALLEY,NRO,{2F3B5064-4735-4504-B004-9B920E510FB6}
287,6-005,6-005.03,TAHOE VALLEY,TAHOE VALLEY - TAHOE NORTH,NCRO,{9DE9C35A-6241-4CB1-A9BF-44059B77308E}
288,5-094,5-094,MIDDLE CREEK,MIDDLE CREEK,NRO,{F63C5B5D-D0E6-405C-8748-E6461E519224}
289,5-065,5-065,LITTLE INDIAN VALLEY,LITTLE INDIAN VALLEY,NRO,{E788356D-8FC4-4FE6-B4A3-3AE65C101B40}
290,5-091,5-091,ANTELOPE CREEK,ANTELOPE CREEK,NRO,{AD215602-F04E-48FB-B337-39E524F3E7CC}
291,1-052,1-052,UKIAH VALLEY,UKIAH VALLEY,NCRO,{81DB2E9C-8EB6-4B84-AC86-D089300E81B4}
292,1-045,1-045,BIG RIVER VALLEY,BIG RIVER VALLEY,NCRO,{EEBAF49C-2F10-4740-983A-E8F7B01EFB7F}
293,1-051,1-051,POTTER VALLEY,POTTER VALLEY,NCRO,{B14D3E0A-D4D2-4B98-AE37-99F4BD905583}
294,6-067,6-067,MARTIS VALLEY,MARTIS VALLEY,NCRO,{F17257CE-6E2A-47E5-ABB0-8B0AF44927C2}
295,5-090,5-090,FUNKS CREEK,FUNKS CREEK,NRO,{E5A1A506-32AD-4649-9DC2-24613A013DBD}
296,5-063,5-063,STONYFORD TOWN AREA,STONYFORD TOWN AREA,NRO,{69672D9D-5B7E-49B5-B39D-BC617106B8EE}
297,1-048,1-048,GRAVELLY VALLEY,GRAVELLY VALLEY,NRO,{F8CC0461-095A-4472-99F0-96F9B34E7411}
298,1-013,1-013,LITTLE LAKE VALLEY,LITTLE LAKE VALLEY,NRO,{77A958FC-F457-4B9E-87A3-39BA881E42FF}
299,5-089,5-089,SQUAW FLAT,SQUAW FLAT,NRO,{8998394F-DE1F-4764-9B02-7600159362D1}
300,5-088,5-088,STONY GORGE RESERVOIR,STONY GORGE RESERVOIR,NRO,{950B2518-883A-4563-854C-E567798E4974}
301,1-041,1-041,LITTLE VALLEY,LITTLE VALLEY,NCRO,{C35A8CA4-4E39-49C9-8236-752E2A810D93}
302,1-042,1-042,SHERWOOD VALLEY,SHERWOOD VALLEY,NRO,{2C0B166E-598B-4325-8777-70B37C2A5B9F}
303,1-040,1-040,TEN MILE RIVER VALLEY,TEN MILE RIVER VALLEY,NCRO,{232F89C5-3D39-43E9-BC54-114CD128C2C7}
304,5-062,5-062,ELK CREEK AREA,ELK CREEK AREA,NRO,{0A4D46A4-99BC-45F0-871D-C108AE84BB50}
305,1-044,1-044,EDEN VALLEY,EDEN VALLEY,NRO,{23173A3C-EAE7-4A5A-AFC3-09BED80A141E}
306,1-012,1-012,LAYTONVILLE VALLEY,LAYTONVILLE VALLEY,NRO,{1B491C78-89C9-4366-B70A-12564E7B9570}
307,1-039,1-039,BRANSCOMB TOWN AREA,BRANSCOMB TOWN AREA,NRO,{81736213-B21A-44F6-A9B6-8BFEC99476C5}
308,5-061,5-061,CHROME TOWN AREA,CHROME TOWN AREA,NRO,{991CE496-122B-4EDF-899F-11EFC839F515}
309,1-038,1-038,LOWER LAYTONVILLE VALLEY,LOWER LAYTONVILLE VALLEY,NRO,{EC0BEF05-09EE-4F7C-A48C-20485A84CDC8}
310,5-011,5-011,MOHAWK VALLEY,MOHAWK VALLEY,NRO,{D8951171-C1F9-4FFA-B9C9-BE7C4BEDBFEC}
311,5-060,5-060,HUMBUG VALLEY,HUMBUG VALLEY,NRO,{FAE8037C-CBAD-45D9-BBE0-DBFEED9021AF}
312,1-037,1-037,COTTONEVA CREEK VALLEY,COTTONEVA CREEK VALLEY,NCRO,{8928EC7F-14CD-49C5-93B0-18B6544AC6FB}
313,5-012,5-012.02,SIERRA VALLEY,SIERRA VALLEY - CHILCOOT,NRO,{41866CD4-1B17-475D-8752-89781039BA57}
314,1-011,1-011,COVELO ROUND VALLEY,COVELO ROUND VALLEY,NRO,{212BBA5D-5DEB-4BBA-8097-E07E04817E05}
315,5-087,5-087,MIDDLE FORK FEATHER RIVER,MIDDLE FORK FEATHER RIVER,NRO,{B1F50B37-A0AA-4C2F-8530-08500115FA44}
316,1-043,1-043,WILLIAMS VALLEY,WILLIAMS VALLEY,NRO,{B56559C4-F1E8-496E-9049-7C47B0BBC339}
317,6-104,6-104,LONG VALLEY,LONG VALLEY,NRO,{22804864-5DA5-48B2-93E3-E0204A7280B2}
318,5-059,5-059,GRIZZLY VALLEY,GRIZZLY VALLEY,NRO,{B98F05B4-45A6-43A9-B1E4-58F2AE705A82}
319,5-010,5-010,AMERICAN VALLEY,AMERICAN VALLEY,NRO,{D1A0B240-B3B1-4713-981B-7C901B721916}
320,5-095,5-095,MEADOW VALLEY,MEADOW VALLEY,NRO,{F937E2E2-DD3C-41E4-A9F8-06F114079AC2}
321,5-009,5-009,INDIAN VALLEY,INDIAN VALLEY,NRO,{ED5915B0-4C9C-4E5A-B853-B0036BAF639B}
322,5-058,5-058,CLOVER VALLEY,CLOVER VALLEY,NRO,{93939AF2-14CF-4ABD-8608-6C7CCBC08145}
323,5-057,5-057,LAST CHANCE CREEK VALLEY,LAST CHANCE CREEK VALLEY,NRO,{A50818E1-847B-4708-B5F8-0A54C84E7B70}
324,5-056,5-056,YELLOW CREEK VALLEY,YELLOW CREEK VALLEY,NRO,{8E901762-64E4-4548-B53E-ACE029AAAE71}
325,1-032,1-032,GARBERVILLE TOWN AREA,GARBERVILLE TOWN AREA,NRO,{D2F2CF08-C996-4890-A052-2E9AC8669B0D}
326,5-021,5-021.54,SACRAMENTO VALLEY,SACRAMENTO VALLEY - ANTELOPE,NRO,{0BB2B918-C169-4B58-A6B2-DAFFCEC922AA}
327,5-008,5-008,MOUNTAIN MEADOWS VALLEY,MOUNTAIN MEADOWS VALLEY,NRO,{389C6BC4-0FA0-44AC-81CA-6BA30DAA547A}
328,5-021,5-021.50,SACRAMENTO VALLEY,SACRAMENTO VALLEY - RED BLUFF,NRO,{AE0704C4-6386-4A2A-9BD8-2F83CC007563}
329,1-029,1-029,HONEYDEW TOWN AREA,HONEYDEW TOWN AREA,NRO,{D330E3AF-3506-4ACF-97E4-87F59585653A}
330,1-036,1-036,HETTENSHAW VALLEY,HETTENSHAW VALLEY,NRO,{352986F8-9FBD-4867-8859-FA52F833AD19}
331,5-021,5-021.53,SACRAMENTO VALLEY,SACRAMENTO VALLEY - BEND,NRO,{7D3A2D08-59EB-4169-AD1E-8FA2885078D0}
332,5-007,5-007,LAKE ALMANOR VALLEY,LAKE ALMANOR VALLEY,NRO,{E5ACD08E-F0A1-4C4C-BEB9-78B4E7020879}
333,1-028,1-028,MATTOLE RIVER VALLEY,MATTOLE RIVER VALLEY,NRO,{56B10AB6-D67A-42A6-84C7-A051643C659D}
334,1-031,1-031,WEOTT TOWN AREA,WEOTT TOWN AREA,NRO,{396E71B0-064F-4AE7-A9EA-363EB0FBC0F8}
335,6-004,6-004,HONEY LAKE VALLEY,HONEY LAKE VALLEY,NRO,{61B0E390-3364-4519-BD7A-1C1ADCE0B120}
336,1-062,1-062,WILSON POINT AREA,WILSON POINT AREA,NRO,{2700133D-7101-4187-816C-0652A856FA8E}
337,1-033,1-033,LARABEE VALLEY,LARABEE VALLEY,NRO,{21FC8B48-A432-48AC-80E0-2112782B2521}
338,1-030,1-030,PEPPERWOOD TOWN AREA,PEPPERWOOD TOWN AREA,NRO,{51579DD3-5ECA-47CB-A22E-1118EF3FF884}
339,1-034,1-034,DINSMORES TOWN AREA,DINSMORES TOWN AREA,NRO,{2C68933F-D5F3-4A19-A0D1-94BD2D44E1AA}
340,6-003,6-003,WILLOW CREEK VALLEY,WILLOW CREEK VALLEY,NRO,{77321372-9B86-4639-A3BA-334C35F4E523}
341,5-050,5-050,NORTH FORK BATTLE CREEK,NORTH FORK BATTLE CREEK,NRO,{C64F325D-EA08-4D69-B462-EE3CB979AB36}
342,5-006,5-006.03,REDDING AREA,REDDING AREA - ANDERSON,NRO,{2061200F-34C3-494C-9565-D56865CD8B6D}
343,6-100,6-100,SECRET VALLEY,SECRET VALLEY,NRO,{D759CE05-0DDF-4F25-9A09-1F4F88A1B6DE}
344,1-006,1-006,HAYFORK VALLEY,HAYFORK VALLEY,NRO,{C76BD754-7C53-4733-8FBC-EAE12A6A4D6E}
345,6-101,6-101,BULL FLAT,BULL FLAT,NRO,{BA6E9E45-83C4-4933-87CD-0E2C175C965D}
346,6-092,6-092,PINE CREEK VALLEY,PINE CREEK VALLEY,NRO,{1D05D334-1DB0-4AA1-BD17-AB47ECDAF349}
347,6-097,6-097,HORSE LAKE VALLEY,HORSE LAKE VALLEY,NRO,{7694ACDD-2F2C-4382-A120-90ABE83E9436}
348,5-052,5-052,GRAYS VALLEY,GRAYS VALLEY,NRO,{FA7A457D-143F-43C2-92F9-05800A4ED7F2}
349,5-051,5-051,BUTTE CREEK VALLEY,BUTTE CREEK VALLEY,NRO,{47F8B4DF-A12E-4AAC-8E1F-B78F9AC06E9A}
350,1-035,1-035,HYAMPOM VALLEY,HYAMPOM VALLEY,NRO,{1A9F36A7-93F2-49BA-9F66-0AE59505F817}
351,5-006,5-006.04,REDDING AREA,REDDING AREA - ENTERPRISE,NRO,{16625BED-FFD4-4E5E-91AD-04823E914BA2}
352,6-096,6-096,EAGLE LAKE AREA,EAGLE LAKE AREA,NRO,{AC02110F-2E7A-4ADA-B912-F3E836520728}
353,6-093,6-093,HARVEY VALLEY,HARVEY VALLEY,NRO,{98DE8E77-7EB1-4782-BA37-D2C6F43E91EF}
354,5-049,5-049,DRY BURNEY CREEK VALLEY,DRY BURNEY CREEK VALLEY,NRO,{C2A1FD88-942B-4854-A245-E49AD2B0B81F}
355,6-099,6-099,PAINTERS FLAT,PAINTERS FLAT,NRO,{4BD61A79-A686-4EBD-82D4-477FAD9EC390}
356,5-053,5-053,DIXIE VALLEY,DIXIE VALLEY,NRO,{4F992F69-31BA-4A14-8CBD-A99701984348}
357,5-048,5-048,BURNEY CREEK VALLEY,BURNEY CREEK VALLEY,NRO,{D12E2C9C-429E-4071-9BCE-2F42F0144B50}
358,6-094,6-094,GRASSHOPPER VALLEY,GRASSHOPPER VALLEY,NRO,{5D354A6F-A9C1-42B1-BDB2-0A751B7DF15F}
359,6-095,6-095,DRY VALLEY,DRY VALLEY,NRO,{AF4405CC-088A-4747-A4F7-B030DAD812AA}
360,5-047,5-047,GOOSE VALLEY,GOOSE VALLEY,NRO,{0782D132-55B3-481D-991F-185C1893FED5}
361,5-005,5-005,FALL RIVER VALLEY,FALL RIVER VALLEY,NRO,{EFE482E2-3CF6-4F86-9A5D-6B832BBC10D2}
362,1-008,1-008.01,MAD RIVER VALLEY,MAD RIVER VALLEY - MAD RIVER LOWLAND,NRO,{44771443-74F4-47C0-AA0B-E718B531F059}
363,5-046,5-046,LAKE BRITTON AREA,LAKE BRITTON AREA,NRO,{EB5636CC-BD10-4F96-961F-8056FAAC9556}
364,6-098,6-098,TULEDAD CANYON VALLEY,TULEDAD CANYON VALLEY,NRO,{77BF3386-197A-4BF7-8A6C-91A6B77A6563}
365,6-002,6-002,MADELINE PLAINS,MADELINE PLAINS,NRO,{695C94DD-DB33-4745-BFEC-1C2B0077D177}
366,5-045,5-045,CAYTON VALLEY,CAYTON VALLEY,NRO,{81647CBE-292F-4DE0-92D5-9AD25368A067}
367,1-008,1-008.02,MAD RIVER VALLEY,MAD RIVER VALLEY - DOWS PRAIRIE SCHOOL AREA,NRO,{B253412D-C5A1-44CB-824E-D265B44F3C0D}
368,5-054,5-054,ASH VALLEY,ASH VALLEY,NRO,{03F8AF79-E7AA-4422-95C5-778E5CB59787}
369,1-007,1-007,HOOPA VALLEY,HOOPA VALLEY,NRO,{81D7A75D-6002-4B01-86A1-AC7D7D72615C}
370,5-044,5-044,LONG VALLEY,LONG VALLEY,NRO,{A9C10F17-29F1-4417-8879-3E84343CCD27}
371,5-038,5-038,PONDOSA TOWN AREA,PONDOSA TOWN AREA,NRO,{45604988-FBBE-43A4-B1DF-9F2E0F8104E1}
372,1-027,1-027,BIG LAGOON AREA,BIG LAGOON AREA,NRO,{2E4504C7-153D-4DD2-8842-62CA99BFCBE4}
373,5-040,5-040,HOT SPRINGS VALLEY,HOT SPRINGS VALLEY,NRO,{73B3E566-3794-4FBD-B0D3-D4F751A0160E}
374,5-036,5-036,ROUND VALLEY,ROUND VALLEY,NRO,{05A0DA01-7A4C-4242-9A59-A5112C10DD95}
375,5-003,5-003,JESS VALLEY,JESS VALLEY,NRO,{31BF955F-A1FA-41D8-AF7E-56C22DBAD3C1}
376,5-043,5-043,ROCK PRAIRIE VALLEY,ROCK PRAIRIE VALLEY,NRO,{D0F044AD-2F54-4B81-AEEC-D6C861B9D044}
377,5-004,5-004,BIG VALLEY,BIG VALLEY,NRO,{6AF8B02B-B247-49AB-9D3D-361D83F05FAF}
378,5-041,5-041,EGG LAKE VALLEY,EGG LAKE VALLEY,NRO,{7F6F3AE2-01BD-4111-BEB2-DB59627E6436}
379,5-035,5-035,MCCLOUD AREA,MCCLOUD AREA,NRO,{B8A68C5F-9B4F-4D36-A791-659E216FBB51}
380,1-026,1-026,REDWOOD CREEK AREA,REDWOOD CREEK AREA,NRO,{5C3BD0D5-411E-43D3-8B3A-88B5F30DD04A}
381,5-037,5-037,TOAD WELL AREA,TOAD WELL AREA,NRO,{EC3DB51E-85AA-43FB-B61A-71C2C8CA0646}
382,1-025,1-025,PRAIRIE CREEK AREA,PRAIRIE CREEK AREA,NRO,{13AA0F65-773A-4890-AFC2-5E06952D922F}
383,5-002,5-002.02,ALTURAS AREA,ALTURAS AREA - WARM SPRINGS VALLEY,NRO,{57626C81-CAC8-42A6-BDD7-44D10CD1485F}
384,5-002,5-002.01,ALTURAS AREA,ALTURAS AREA - SOUTH FORK PITT RIVER,NRO,{07824A11-5598-47C5-ADDD-A90D0ED18467}
385,5-086,5-086,JOSEPH CREEK,JOSEPH CREEK,NRO,{08DEDEFA-9B05-449D-8173-E71F2038CAA0}
386,1-022,1-022,FAIRCHILD SWAMP VALLEY,FAIRCHILD SWAMP VALLEY,NRO,{99CA4B82-FCD7-4A4F-BAFC-810DE29CF1CF}
387,1-014,1-014,LOWER KLAMATH RIVER VALLEY,LOWER KLAMATH RIVER VALLEY,NRO,{8513B9E2-4485-4246-935E-66A5F08EE53A}
388,1-005,1-005,SCOTT RIVER VALLEY,SCOTT RIVER VALLEY,NRO,{87ED7715-9191-4EE0-9905-943C22321995}
389,1-017,1-017,BRAY TOWN AREA,BRAY TOWN AREA,NRO,{7F9AF052-5056-448E-9C99-C5F242760729}
390,1-018,1-018,RED ROCK VALLEY,RED ROCK VALLEY,NRO,{77589950-2A2D-4FAC-AEC8-E40659DA2282}
391,1-004,1-004,SHASTA VALLEY,SHASTA VALLEY,NRO,{550849D0-9586-46A0-940F-B620FAC1C875}
392,1-015,1-015,HAPPY CAMP TOWN AREA,HAPPY CAMP TOWN AREA,NRO,{9C178EFC-F1D9-461D-8C20-D9015588E35E}
393,5-001,5-001.01,GOOSE LAKE,GOOSE LAKE - GOOSE VALLEY,NRO,{B53F2F66-B078-4E49-92C3-F4EDF222125D}
394,1-016,1-016,SEIAD VALLEY,SEIAD VALLEY,NRO,{8FFD0326-6770-49C9-A859-767025476DFD}
395,6-001,6-001,SURPRISE VALLEY,SURPRISE VALLEY,NRO,{5041614B-ACFF-4E33-B9A6-87B586AD1F5E}
396,6-091,6-091,COW HEAD LAKE VALLEY,COW HEAD LAKE VALLEY,NRO,{73E8F066-DFC7-4A27-9B38-25A99B55D94D}
397,5-001,5-001.02,GOOSE LAKE,GOOSE LAKE - FANDANGO VALLEY,NRO,{53A75847-DE8E-49A0-89E3-7DE598D3425E}
398,1-002,1-002.02,KLAMATH RIVER VALLEY,KLAMATH RIVER VALLEY - LOWER KLAMATH,NRO,{4CD60F12-EF57-4820-B852-853097A573A1}
399,1-003,1-003,BUTTE VALLEY,BUTTE VALLEY,NRO,{374607EF-33B2-4FA6-8118-C5C1C0B050D8}
400,1-001,1-001,SMITH RIVER PLAIN,SMITH RIVER PLAIN,NRO,{6D18FC06-7924-401F-AFF8-D90EE7C113EE}
401,1-054,1-054.01,ALEXANDER VALLEY,ALEXANDER VALLEY - ALEXANDER AREA,NCRO,{1DF1524E-E6FB-4BC8-A946-30C5A07DB5B5}
402,5-022,5-022.03,SAN JOAQUIN VALLEY,SAN JOAQUIN VALLEY - TURLOCK,SCRO,{942AA0BC-F275-47F8-BD35-52BABEF6C541}
403,4-011,4-011.03,COASTAL PLAIN OF LOS ANGELES,COASTAL PLAIN OF LOS ANGELES - WEST COAST,SRO,{F77A6A0F-6948-483F-A410-F99C89B10579}
404,3-052,3-052,NEEDLE ROCK POINT,NEEDLE ROCK POINT,SCRO,{B3D379CD-3C56-4D18-A964-30891A681F19}
405,3-004,3-004.01,SALINAS VALLEY,SALINAS VALLEY - 180/400 FOOT AQUIFER,SCRO,{C6859F92-DC62-4257-8BE7-F0FEF85C812A}
406,2-009,2-009.03,SANTA CLARA VALLEY,SANTA CLARA VALLEY - SAN MATEO PLAIN,NCRO,{1CDFE7AC-4658-4305-AF24-E4BC08D24298}
407,8-009,8-009,BEAR VALLEY,BEAR VALLEY,SRO,{92AAE912-EFE5-4DF5-B3E9-01F542895C16}
408,9-004,9-004,SANTA MARGARITA VALLEY,SANTA MARGARITA VALLEY,SRO,{9A3AB3C2-9D48-457D-A011-F9A4F631A20A}
409,1-010,1-010,EEL RIVER VALLEY,EEL RIVER VALLEY,NRO,{C32E8ED1-C64F-4D18-A7A2-26C7A4FB1E25}
410,9-014,9-014,MISSION VALLEY,MISSION VALLEY,SRO,{80F3130D-8AA3-47C9-9D09-8BE863A997D6}
411,3-002,3-002.02,CORRALITOS,CORRALITOS - PURISIMA HIGHLANDS,SCRO,{CF6FBFB5-CD9F-4D7B-96DA-681D1102BF8F}
412,3-002,3-002.01,CORRALITOS,CORRALITOS - PAJARO VALLEY,SCRO,{817D2055-935D-432D-BA3B-7BA656C164C5}
413,3-007,3-007,CARMEL VALLEY,CARMEL VALLEY,SCRO,{95D0F677-4737-4508-8FB9-27E9DF2B6855}
414,3-004,3-004.08,SALINAS VALLEY,SALINAS VALLEY - SEASIDE,SCRO,{9E1A5B45-C6D8-46F3-A0FC-364A46285C28}
415,5-022,5-022.10,SAN JOAQUIN VALLEY,SAN JOAQUIN VALLEY - PLEASANT VALLEY,SCRO,{3A328FD4-871B-4799-A86E-D3CFA5F7A56C}
416,5-022,5-022.18,SAN JOAQUIN VALLEY,SAN JOAQUIN VALLEY - WHITE WOLF,SCRO,{383CDF8C-98CF-4CE0-B148-D2148EEC3324}
417,5-022,5-022.17,SAN JOAQUIN VALLEY,SAN JOAQUIN VALLEY - KETTLEMAN PLAIN,SCRO,{24264946-E0EA-4C55-8C03-EF9110E17F2A}
418,1-002,1-002.01,KLAMATH RIVER VALLEY,KLAMATH RIVER VALLEY - TULELAKE,NRO,{B0EBA0EA-7A24-49F5-BA6C-1E60C2C845C8}
419,7-024,7-024.01,BORREGO VALLEY,BORREGO VALLEY - BORREGO SPRINGS,SRO,{E9B74FB7-E5BA-4BA9-8633-8AE84AA8512E}
420,8-001,8-001,COASTAL PLAIN OF ORANGE COUNTY,COASTAL PLAIN OF ORANGE COUNTY,SRO,{BBED35EC-0BC6-44C8-AEDA-D7B1D2C76BB2}
421,6-012,6-012.02,OWENS VALLEY,OWENS VALLEY - FISH SLOUGH,SRO,{E65CEB43-B177-40ED-8D29-A3F9802F4838}
422,3-053,3-053,FOOTHILL,FOOTHILL,SRO,{77CEAEA3-70C7-4129-B905-0DE9E8373444}
423,4-006,4-006,PLEASANT VALLEY,PLEASANT VALLEY,SRO,{70BA9105-586A-4A25-B8BE-800FDAB023E5}
424,4-002,4-002,OJAI VALLEY,OJAI VALLEY,SRO,{38739455-0D46-4850-994D-9445170437DE}
425,4-003,4-003.01,VENTURA RIVER VALLEY,VENTURA RIVER VALLEY - UPPER VENTURA RIVER,SRO,{9FC27FFF-F204-422A-9AA7-930E524BA654}
426,4-008,4-008,LAS POSAS VALLEY,LAS POSAS VALLEY,SRO,{26D387A0-56A2-4E82-A0C8-1BACFB95DF7C}
427,3-014,3-014,SAN ANTONIO CREEK VALLEY,SAN ANTONIO CREEK VALLEY,SRO,{02A6041D-9E3C-4864-ADEB-07E0DE17EF59}
428,3-015,3-015,SANTA YNEZ RIVER VALLEY,SANTA YNEZ RIVER VALLEY,SRO,{660E36E2-6CD5-4E55-B7AB-662EA2296BDC}
429,4-004,4-004.07,SANTA CLARA RIVER VALLEY,SANTA CLARA RIVER VALLEY - SANTA CLARA RIVER VALLEY EAST,SRO,{BF479CAD-53BB-49E8-A547-5472F1EBED4E}
430,8-004,8-004.02,ELSINORE,ELSINORE - BEDFORD-COLDWATER,SRO,{983084E7-B5E9-419D-AADB-4392952037AE}
431,8-002,8-002.09,UPPER SANTA ANA VALLEY,UPPER SANTA ANA VALLEY - TEMESCAL,SRO,{26C879EB-9046-4BE9-86F4-A5B14335FD07}
432,8-004,8-004.01,ELSINORE,ELSINORE - ELSINORE VALLEY,SRO,{FE898498-7CB6-4332-9DE7-867A2EEB20A8}
433,8-002,8-002.06,UPPER SANTA ANA VALLEY,UPPER SANTA ANA VALLEY - SAN BERNARDINO,SRO,{1AB23CAF-A18F-4F8B-AE50-DE89C943A4D5}
434,4-011,4-011.04,COASTAL PLAIN OF LOS ANGELES,COASTAL PLAIN OF LOS ANGELES - CENTRAL,SRO,{552C6A14-6D1E-4FB7-8707-DC369649795F}
435,8-002,8-002.01,UPPER SANTA ANA VALLEY,UPPER SANTA ANA VALLEY - CHINO,SRO,{55068E6F-916E-455D-AC40-63FD73AE1910}
436,4-013,4-013,SAN GABRIEL VALLEY,SAN GABRIEL VALLEY,SRO,{30DF827D-EA75-4736-AF54-FE88F1236B04}
437,8-002,8-002.02,UPPER SANTA ANA VALLEY,UPPER SANTA ANA VALLEY - CUCAMONGA,SRO,{51CFDFE2-F22E-4C2A-8887-3621A03653C7}
438,4-023,4-023,RAYMOND,RAYMOND,SRO,{78811CC8-DB4A-4101-B3A8-FFC2E77ACFA7}
439,8-002,8-002.04,UPPER SANTA ANA VALLEY,UPPER SANTA ANA VALLEY - RIALTO-COLTON,SRO,{B95D4FA5-34B7-4E09-8069-AB8C282AF98B}
440,8-002,8-002.03,UPPER SANTA ANA VALLEY,UPPER SANTA ANA VALLEY - RIVERSIDE-ARLINGTON,SRO,{DC00C914-AEF7-4BB8-A179-BC1792D5B3E4}
441,8-002,8-002.07,UPPER SANTA ANA VALLEY,UPPER SANTA ANA VALLEY - YUCAIPA,SRO,{3825040F-7700-445B-AE45-2435BCE2B2D4}
442,5-022,5-022.16,SAN JOAQUIN VALLEY,SAN JOAQUIN VALLEY - COSUMNES,NCRO,{4C9A0921-3F2D-43C2-BC7E-3E1E3EBCDE3D}
443,2-009,2-009.04,SANTA CLARA VALLEY,SANTA CLARA VALLEY - EAST BAY PLAIN,NCRO,{9CD8101B-8CEB-4BAC-BC72-E2783DD6B2D1}
444,2-009,2-009.01,SANTA CLARA VALLEY,SANTA CLARA VALLEY - NILES CONE,NCRO,{11FAFF0D-79CD-4CE0-9D54-E33420A62B41}
445,2-009,2-009.02,SANTA CLARA VALLEY,SANTA CLARA VALLEY - SANTA CLARA,NCRO,{D443ED79-D812-45AD-BC36-586E9EFEA06C}
446,3-003,3-003.01,GILROY-HOLLISTER VALLEY,GILROY-HOLLISTER VALLEY - LLAGAS AREA,SCRO,{3D913216-A2C3-4236-9F0C-F608C9B6E9CD}
447,8-002,8-002.05,UPPER SANTA ANA VALLEY,UPPER SANTA ANA VALLEY - CAJON,SRO,{35019BD4-7307-4418-95D8-91DDEDF6EC4F}
448,9-010,9-010,SAN PASQUAL VALLEY,SAN PASQUAL VALLEY,SRO,{97EEA71B-9303-404C-A42E-925E6C3C6554}
449,5-022,5-022.14,SAN JOAQUIN VALLEY,SAN JOAQUIN VALLEY - KERN COUNTY,SCRO,{49E8186C-A9AE-47E2-A1A1-E7606E4C7511}
450,1-009,1-009,EUREKA PLAIN,EUREKA PLAIN,NRO,{FAD34418-111C-4250-9BAC-599F5B3DE5E0}
451,3-001,3-001,SANTA CRUZ MID-COUNTY,SANTA CRUZ MID-COUNTY,SCRO,{62F44CAF-AB14-491A-A885-994762BF9B99}
452,3-027,3-027,SANTA MARGARITA,SANTA MARGARITA,SCRO,{01D6FB44-3C3E-40D6-A179-AC77E14FEFD6}
453,3-026,3-026,WEST SANTA CRUZ TERRACE,WEST SANTA CRUZ TERRACE,SCRO,{6FFA554A-E99E-45D9-B5E1-311E54C35685}
454,5-022,5-022.12,SAN JOAQUIN VALLEY,SAN JOAQUIN VALLEY - TULARE LAKE,SCRO,{D366CB71-C635-418A-98CF-AF9EDC4C5B1A}
455,3-004,3-004.11,SALINAS VALLEY,SALINAS VALLEY - ATASCADERO AREA,SCRO,{8F82A9E4-5E49-4893-A9EF-4EB54CE6755A}
456,7-024,7-024.02,BORREGO VALLEY,BORREGO VALLEY - OCOTILLO WELLS,SRO,{195F8EA3-B35B-419D-B467-E059F97BF26F}
457,9-033,9-033,COASTAL PLAIN OF SAN DIEGO,COASTAL PLAIN OF SAN DIEGO,SRO,{BA0472C9-AB2A-427D-B44D-ECFF1E0D6724}
458,7-025,7-025,OCOTILLO-CLARK VALLEY,OCOTILLO-CLARK VALLEY,SRO,{F59FB47F-E366-4CA6-9617-C2BD26CBDD39}
459,6-005,6-005.01,TAHOE VALLEY,TAHOE VALLEY - TAHOE SOUTH,NCRO,{052B5590-8C3A-42F9-A4D8-00199AB14353}
460,5-022,5-022.13,SAN JOAQUIN VALLEY,SAN JOAQUIN VALLEY - TULE,SCRO,{5EB99F38-CE88-4AD0-8772-F5940FFD9D20}
461,3-005,3-005,CHOLAME VALLEY,CHOLAME VALLEY,SCRO,{942A10EC-8095-49A7-8C5C-9C6CFABEE609}
462,3-004,3-004.06,SALINAS VALLEY,SALINAS VALLEY - PASO ROBLES AREA,SCRO,{CF68F609-9FB0-4A99-9B33-D601ED755AF6}
463,3-004,3-004.05,SALINAS VALLEY,SALINAS VALLEY - UPPER VALLEY AQUIFER,SCRO,{F0724B86-0CFF-44F7-A325-CDDB5CB98291}
464,7-012,7-012,WARREN VALLEY,WARREN VALLEY,SRO,{7E00E71F-C0AD-4391-8491-4083B2E2E8DB}
465,7-062,7-062,JOSHUA TREE,JOSHUA TREE,SRO,{0A7E4DDA-F424-4AAB-AACD-30137BFB33FE}
466,4-007,4-007,ARROYO SANTA ROSA VALLEY,ARROYO SANTA ROSA VALLEY,SRO,{507CF5B4-B1CB-4544-AA41-FC6C158B855E}
467,3-018,3-018,CARPINTERIA,CARPINTERIA,SRO,{26E6636D-E318-4756-BE32-9AF44B37A01B}
468,3-049,3-049,MONTECITO,MONTECITO,SRO,{0DF3DDAE-5783-48C1-A144-1ABC21C5E609}
469,5-022,5-022.05,SAN JOAQUIN VALLEY,SAN JOAQUIN VALLEY - CHOWCHILLA,SCRO,{2BF61039-EA86-48E9-85C8-3361664E67E0}
470,5-022,5-022.04,SAN JOAQUIN VALLEY,SAN JOAQUIN VALLEY - MERCED,SCRO,{E5713211-9E15-40EA-B5D1-A187C6F124CA}
471,6-012,6-012.01,OWENS VALLEY,OWENS VALLEY - OWENS VALLEY,SRO,{3A154532-5B19-4E56-B48E-3850D3708619}
472,2-027,2-027,SAND POINT AREA,SAND POINT AREA,NCRO,{C334979D-27CA-4E06-ACE8-B0777B123152}
473,2-002,2-002.03,NAPA-SONOMA VALLEY,NAPA-SONOMA VALLEY - NAPA-SONOMA LOWLANDS,NCRO,{F633DB17-4084-401E-A647-335DEDF6D97D}
474,2-001,2-001,PETALUMA VALLEY,PETALUMA VALLEY,NCRO,{5EE7FA03-EDA6-4EA7-AE6D-E545BA64B9F5}
475,2-002,2-002.02,NAPA-SONOMA VALLEY,NAPA-SONOMA VALLEY - SONOMA VALLEY,NCRO,{0E0E8D82-89AF-436E-8472-D79D180A3FCA}
476,1-059,1-059,WILSON GROVE FORMATION HIGHLANDS,WILSON GROVE FORMATION HIGHLANDS,NCRO,{02C083EE-93A9-4E69-B379-078579AE36B1}
477,1-055,1-055.01,SANTA ROSA VALLEY,SANTA ROSA VALLEY - SANTA ROSA PLAIN,NCRO,{5B7A8F0F-B742-4953-A846-E7ACD5ACD22B}
478,5-021,5-021.56,SACRAMENTO VALLEY,SACRAMENTO VALLEY - LOS MOLINOS,NRO,{DA54C319-C882-4693-8878-46CD5694D527}
479,5-006,5-006.01,REDDING AREA,REDDING AREA - BOWMAN,NRO,{EDB2E708-46D3-48AB-AB65-09B516B04C4B}
480,5-006,5-006.06,REDDING AREA,REDDING AREA - SOUTH BATTLE CREEK,NRO,{CDB97FB9-A2C3-4F6E-80AE-E30D55DA96DB}
481,5-006,5-006.05,REDDING AREA,REDDING AREA - MILLVILLE,NRO,{C5984CB0-E233-4746-ABE7-22272A5C194B}
482,5-022,5-022.07,SAN JOAQUIN VALLEY,SAN JOAQUIN VALLEY - DELTA-MENDOTA,SCRO,{7BA9CCBC-A7C5-4DD7-AC89-9DD2E4D9A18D}
483,4-004,4-004.05,SANTA CLARA RIVER VALLEY,SANTA CLARA RIVER VALLEY - FILLMORE,SRO,{4C5FF569-12F1-4B89-8973-8BC6F012741B}
484,5-022,5-022.15,SAN JOAQUIN VALLEY,SAN JOAQUIN VALLEY - TRACY,NCRO,{98E79783-EF63-4090-ACEB-222A2F3E4D93}
485,5-012,5-012.01,SIERRA VALLEY,SIERRA VALLEY - SIERRA VALLEY,NRO,{FB099801-10A0-4B10-8D6D-351BD426F6DF}
486,5-021,5-021.66,SACRAMENTO VALLEY,SACRAMENTO VALLEY - SOLANO,NCRO,{CEEB5EFD-EE48-47D0-9F48-C1FA7ED5C682}
487,5-021,5-021.67,SACRAMENTO VALLEY,SACRAMENTO VALLEY - YOLO,NCRO,{D84B04C8-1AEF-440C-81D9-24C290B855DB}
488,5-022,5-022.01,SAN JOAQUIN VALLEY,SAN JOAQUIN VALLEY - EASTERN SAN JOAQUIN,NCRO,{06E581E0-646C-4EAB-BE9C-5AD9D0B59E5F}
489,5-021,5-021.65,SACRAMENTO VALLEY,SACRAMENTO VALLEY - SOUTH AMERICAN,NCRO,{60A00A42-3827-4398-ADBC-1BF1A5374911}
490,5-021,5-021.60,SACRAMENTO VALLEY,SACRAMENTO VALLEY - NORTH YUBA,NCRO,{966D7405-E56F-464C-AB0E-B676CA61B563}
491,5-021,5-021.51,SACRAMENTO VALLEY,SACRAMENTO VALLEY - CORNING,NRO,{15498A8E-1D78-41A6-88CE-257609B488CE}
492,5-021,5-021.52,SACRAMENTO VALLEY,SACRAMENTO VALLEY - COLUSA,NRO,{6816149C-2906-4278-99EA-4FB86C4C8630}
493,4-004,4-004.06,SANTA CLARA RIVER VALLEY,SANTA CLARA RIVER VALLEY - PIRU,SRO,{3DDE2F7D-C874-47E6-A91D-3F2B59FE231B}
494,4-004,4-004.02,SANTA CLARA RIVER VALLEY,SANTA CLARA RIVER VALLEY - OXNARD,SRO,{26B24E69-348F-4B3B-BDA7-999EBAE71877}
495,4-004,4-004.04,SANTA CLARA RIVER VALLEY,SANTA CLARA RIVER VALLEY - SANTA PAULA,SRO,{84CCAE28-6421-4516-9F68-0F901B2A3CBC}
496,4-004,4-004.03,SANTA CLARA RIVER VALLEY,SANTA CLARA RIVER VALLEY - MOUND,SRO,{CCB88D24-169A-423E-B210-1C764E24D1EC}
497,9-015,9-015,SAN DIEGO RIVER VALLEY,SAN DIEGO RIVER VALLEY,SRO,{B9F26823-0D5A-4C02-9D69-8319FBAE5C97}
498,8-002,8-002.08,UPPER SANTA ANA VALLEY,UPPER SANTA ANA VALLEY - SAN TIMOTEO,SRO,{348E12FB-7C66-47FF-8099-8E4B24830268}
499,8-005,8-005,SAN JACINTO,SAN JACINTO,SRO,{6488B76E-944A-4AFE-A577-91AF013EBCEC}
500,5-021,5-021.61,SACRAMENTO VALLEY,SACRAMENTO VALLEY - SOUTH YUBA,NCRO,{9BCE18BA-77CD-4674-A64C-66D631FCC44A}
501,5-021,5-021.64,SACRAMENTO VALLEY,SACRAMENTO VALLEY - NORTH AMERICAN,NCRO,{1DE90A0E-44AA-477E-B0D7-651B62E33F04}
502,5-022,5-022.19,SAN JOAQUIN VALLEY,SAN JOAQUIN VALLEY - EAST CONTRA COSTA,NCRO,{875C0908-9D15-421D-A5EA-4ED1FC287DCC}
503,5-021,5-021.57,SACRAMENTO VALLEY,SACRAMENTO VALLEY - VINA,NRO,{C86DB553-870A-4202-9B1D-5A02613245B5}
504,3-008,3-008.02,LOS OSOS VALLEY,LOS OSOS VALLEY - WARDEN CREEK,SCRO,{DA9BD24B-8F07-486F-949E-6DEE4DEE232E}
505,3-003,3-003.05,GILROY-HOLLISTER VALLEY,GILROY-HOLLISTER VALLEY - NORTH SAN BENITO,SCRO,{4C68ED76-2D20-4AB6-AA5B-1FBC079103EE}
506,3-008,3-008.01,LOS OSOS VALLEY,LOS OSOS VALLEY - LOS OSOS AREA,SCRO,{B2643DD0-8D56-496C-AAA6-E2D3CEC06112}
507,3-012,3-012.02,SANTA MARIA RIVER VALLEY,SANTA MARIA RIVER VALLEY - ARROYO GRANDE,SRO,{76031160-F436-41E9-8548-4F718B8135D0}
508,5-021,5-021.69,SACRAMENTO VALLEY,SACRAMENTO VALLEY - WYANDOTTE CREEK,NRO,{42DAC41A-C7CE-47FE-A52F-6EC363FE023A}
509,5-021,5-021.62,SACRAMENTO VALLEY,SACRAMENTO VALLEY - SUTTER,NCRO,{5725923D-5DD1-4399-9E54-33CB20AD8DBB}
510,3-012,3-012.01,SANTA MARIA RIVER VALLEY,SANTA MARIA RIVER VALLEY - SANTA MARIA,SRO,{5E4F89A7-EFE8-4FF0-BFE0-EFE87D7D9A1F}
511,5-022,5-022.08,SAN JOAQUIN VALLEY,SAN JOAQUIN VALLEY - KINGS,SCRO,{AB48845E-F785-47C6-A429-7D7FA680CF7C}
512,5-021,5-021.70,SACRAMENTO VALLEY,SACRAMENTO VALLEY - BUTTE,NRO,{25D3FE48-FA35-4694-A8F4-8DDDDA6CEA77}
513,5-022,5-022.06,SAN JOAQUIN VALLEY,SAN JOAQUIN VALLEY - MADERA,SCRO,{A5D88471-3C4B-4716-AEEF-A891EAF4B915}
514,9-007,9-007.01,SAN LUIS REY VALLEY,SAN LUIS REY VALLEY - UPPER SAN LUIS REY VALLEY,SRO,{21F60781-D335-4F24-8742-2D4ED87F5E69}
515,9-007,9-007.02,SAN LUIS REY VALLEY,SAN LUIS REY VALLEY - LOWER SAN LUIS REY VALLEY,SRO,{58CE25FA-A23C-4772-AD8B-24D9AF0CB204}
